{
  "ticker": "SPY",
  "asof": "2026-06-05",
  "sigma_mean": 0.10727312708018082,
  "sigma_recent": 0.07912740557161603,
  "sigma_forecast": 0.07368092085409454,
  "realized_quantiles": {
    "q05": 0.03641277809641066,
    "q25": 0.059365942423745675,
    "q50": 0.08608532022325754,
    "q75": 0.1280435444204662,
    "q95": 0.24614314181313396
  }
}